{
    "counter": {
        "ACTIVE": 765,
        "INACTIVE": 1,
        "INVALID": 0,
        "MALICIOUS": 0,
        "SANE": 0,
        "VALID": 0,
        "total": 766
    },
    "percentage": {
        "ACTIVE": 99.86945169712794,
        "INACTIVE": 0.26737967914438504,
        "INVALID": 0,
        "MALICIOUS": 0,
        "SANE": 0,
        "VALID": 0,
        "total": 100.13683137627233
    }
}