{
    "counter": {
        "ACTIVE": 773,
        "INACTIVE": 3,
        "INVALID": 0,
        "MALICIOUS": 0,
        "SANE": 0,
        "VALID": 0,
        "total": 776
    },
    "percentage": {
        "ACTIVE": 99.61340206185567,
        "INACTIVE": 0.40816326530612246,
        "INVALID": 0,
        "MALICIOUS": 0,
        "SANE": 0,
        "VALID": 0,
        "total": 100.0215653271618
    }
}