{
    "counter": {
        "ACTIVE": 763,
        "INACTIVE": 1,
        "INVALID": 0,
        "MALICIOUS": 0,
        "SANE": 0,
        "VALID": 0,
        "total": 764
    },
    "percentage": {
        "ACTIVE": 99.86910994764398,
        "INACTIVE": 0.13440860215053763,
        "INVALID": 0,
        "MALICIOUS": 0,
        "SANE": 0,
        "VALID": 0,
        "total": 100.00351854979452
    }
}