{
    "counter": {
        "ACTIVE": 774,
        "INACTIVE": 3,
        "INVALID": 0,
        "MALICIOUS": 0,
        "SANE": 0,
        "VALID": 0,
        "total": 777
    },
    "percentage": {
        "ACTIVE": 99.61389961389962,
        "INACTIVE": 0.4160887656033287,
        "INVALID": 0,
        "MALICIOUS": 0,
        "SANE": 0,
        "VALID": 0,
        "total": 100.02998837950295
    }
}