{
    "counter": {
        "ACTIVE": 1029,
        "INACTIVE": 226,
        "INVALID": 0,
        "MALICIOUS": 0,
        "SANE": 0,
        "VALID": 0,
        "total": 1255
    },
    "percentage": {
        "ACTIVE": 81.99203187250995,
        "INACTIVE": 18.555008210180624,
        "INVALID": 0,
        "MALICIOUS": 0,
        "SANE": 0,
        "VALID": 0,
        "total": 100.54704008269059
    }
}