{
    "counter": {
        "ACTIVE": 583,
        "INACTIVE": 5,
        "INVALID": 0,
        "MALICIOUS": 0,
        "SANE": 0,
        "VALID": 0,
        "total": 588
    },
    "percentage": {
        "ACTIVE": 99.14965986394557,
        "INACTIVE": 0.9363295880149812,
        "INVALID": 0,
        "MALICIOUS": 0,
        "SANE": 0,
        "VALID": 0,
        "total": 100.08598945196056
    }
}