{
    "counter": {
        "ACTIVE": 837,
        "INACTIVE": 35,
        "INVALID": 0,
        "MALICIOUS": 0,
        "SANE": 0,
        "VALID": 0,
        "total": 872
    },
    "percentage": {
        "ACTIVE": 95.9862385321101,
        "INACTIVE": 4.041570438799076,
        "INVALID": 0,
        "MALICIOUS": 0,
        "SANE": 0,
        "VALID": 0,
        "total": 100.02780897090916
    }
}