{
    "counter": {
        "ACTIVE": 780,
        "INACTIVE": 83,
        "INVALID": 0,
        "MALICIOUS": 0,
        "SANE": 0,
        "VALID": 0,
        "total": 863
    },
    "percentage": {
        "ACTIVE": 90.38238702201622,
        "INACTIVE": 23.850574712643677,
        "INVALID": 0,
        "MALICIOUS": 0,
        "SANE": 0,
        "VALID": 0,
        "total": 114.2329617346599
    }
}