{
    "counter": {
        "ACTIVE": 1029,
        "INACTIVE": 4,
        "INVALID": 0,
        "MALICIOUS": 0,
        "SANE": 0,
        "VALID": 0,
        "total": 1033
    },
    "percentage": {
        "ACTIVE": 99.61277831558567,
        "INACTIVE": 1.3114754098360655,
        "INVALID": 0,
        "MALICIOUS": 0,
        "SANE": 0,
        "VALID": 0,
        "total": 100.92425372542174
    }
}