{
    "counter": {
        "ACTIVE": 666,
        "INACTIVE": 2,
        "INVALID": 0,
        "MALICIOUS": 0,
        "SANE": 0,
        "VALID": 0,
        "total": 668
    },
    "percentage": {
        "ACTIVE": 99.7005988023952,
        "INACTIVE": 0.3115264797507788,
        "INVALID": 0,
        "MALICIOUS": 0,
        "SANE": 0,
        "VALID": 0,
        "total": 100.01212528214599
    }
}