{
    "counter": {
        "ACTIVE": 1054,
        "INACTIVE": 40,
        "INVALID": 0,
        "MALICIOUS": 0,
        "SANE": 0,
        "VALID": 0,
        "total": 1094
    },
    "percentage": {
        "ACTIVE": 96.3436928702011,
        "INACTIVE": 3.7278657968313142,
        "INVALID": 0,
        "MALICIOUS": 0,
        "SANE": 0,
        "VALID": 0,
        "total": 100.0715586670324
    }
}