{
    "counter": {
        "ACTIVE": 193,
        "INACTIVE": 21,
        "INVALID": 0,
        "MALICIOUS": 0,
        "SANE": 0,
        "VALID": 0,
        "total": 214
    },
    "percentage": {
        "ACTIVE": 90.61032863849765,
        "INACTIVE": 9.813084112149532,
        "INVALID": 0,
        "MALICIOUS": 0,
        "SANE": 0,
        "VALID": 0,
        "total": 100.42341275064717
    }
}