{
    "counter": {
        "ACTIVE": 769,
        "INACTIVE": 6,
        "INVALID": 0,
        "MALICIOUS": 0,
        "SANE": 0,
        "VALID": 0,
        "total": 775
    },
    "percentage": {
        "ACTIVE": 99.2258064516129,
        "INACTIVE": 0.8708272859216255,
        "INVALID": 0,
        "MALICIOUS": 0,
        "SANE": 0,
        "VALID": 0,
        "total": 100.09663373753452
    }
}