{
    "counter": {
        "ACTIVE": 728,
        "INACTIVE": 113,
        "INVALID": 0,
        "MALICIOUS": 0,
        "SANE": 0,
        "VALID": 0,
        "total": 841
    },
    "percentage": {
        "ACTIVE": 86.56361474435197,
        "INACTIVE": 13.516746411483254,
        "INVALID": 0,
        "MALICIOUS": 0,
        "SANE": 0,
        "VALID": 0,
        "total": 100.08036115583522
    }
}