{
    "counter": {
        "ACTIVE": 1037,
        "INACTIVE": 1,
        "INVALID": 0,
        "MALICIOUS": 0,
        "SANE": 0,
        "VALID": 0,
        "total": 1038
    },
    "percentage": {
        "ACTIVE": 99.90366088631984,
        "INACTIVE": 0.8849557522123894,
        "INVALID": 0,
        "MALICIOUS": 0,
        "SANE": 0,
        "VALID": 0,
        "total": 100.78861663853223
    }
}