{
    "counter": {
        "ACTIVE": 1241,
        "INACTIVE": 67,
        "INVALID": 0,
        "MALICIOUS": 0,
        "SANE": 0,
        "VALID": 0,
        "total": 1308
    },
    "percentage": {
        "ACTIVE": 94.8776758409786,
        "INACTIVE": 5.209953343701399,
        "INVALID": 0,
        "MALICIOUS": 0,
        "SANE": 0,
        "VALID": 0,
        "total": 100.08762918468
    }
}