{
    "counter": {
        "ACTIVE": 875,
        "INACTIVE": 5,
        "INVALID": 0,
        "MALICIOUS": 0,
        "SANE": 0,
        "VALID": 0,
        "total": 880
    },
    "percentage": {
        "ACTIVE": 99.43181818181819,
        "INACTIVE": 0.5834305717619603,
        "INVALID": 0,
        "MALICIOUS": 0,
        "SANE": 0,
        "VALID": 0,
        "total": 100.01524875358015
    }
}