{
    "counter": {
        "ACTIVE": 766,
        "INACTIVE": 1,
        "INVALID": 0,
        "MALICIOUS": 0,
        "SANE": 0,
        "VALID": 0,
        "total": 767
    },
    "percentage": {
        "ACTIVE": 99.86962190352021,
        "INACTIVE": 0.45454545454545453,
        "INVALID": 0,
        "MALICIOUS": 0,
        "SANE": 0,
        "VALID": 0,
        "total": 100.32416735806567
    }
}