{
    "counter": {
        "ACTIVE": 778,
        "INACTIVE": 2,
        "INVALID": 0,
        "MALICIOUS": 0,
        "SANE": 0,
        "VALID": 0,
        "total": 780
    },
    "percentage": {
        "ACTIVE": 99.74358974358974,
        "INACTIVE": 0.33613445378151263,
        "INVALID": 0,
        "MALICIOUS": 0,
        "SANE": 0,
        "VALID": 0,
        "total": 100.07972419737125
    }
}