{
    "counter": {
        "ACTIVE": 1173,
        "INACTIVE": 63,
        "INVALID": 0,
        "MALICIOUS": 0,
        "SANE": 0,
        "VALID": 0,
        "total": 1236
    },
    "percentage": {
        "ACTIVE": 94.90291262135922,
        "INACTIVE": 5.223880597014926,
        "INVALID": 0,
        "MALICIOUS": 0,
        "SANE": 0,
        "VALID": 0,
        "total": 100.12679321837415
    }
}