{
    "counter": {
        "ACTIVE": 777,
        "INACTIVE": 1,
        "INVALID": 0,
        "MALICIOUS": 0,
        "SANE": 0,
        "VALID": 0,
        "total": 778
    },
    "percentage": {
        "ACTIVE": 99.87146529562982,
        "INACTIVE": 2.4390243902439024,
        "INVALID": 0,
        "MALICIOUS": 0,
        "SANE": 0,
        "VALID": 0,
        "total": 102.31048968587372
    }
}